first_name,last_name,email,file,employee
Asia,Crock,acrock2@dyndns.org,SociisNatoquePenatibus.gif,FALSE
Birk,Aloshechkin,baloshechkin6@chron.com,UtNuncVestibulum.gif,TRUE
Charita,Espinet,cespinetf@drupal.org,Hac.gif,FALSE
Codee,Tendahl,ctendahlg@loc.gov,NullaElit.gif,FALSE
Corinne,Boyfield,cboyfieldc@netvibes.com,LacusMorbi.gif,TRUE
Deirdre,Kembery,dkemberye@ox.ac.uk,junk4good.png,FALSE
Denys,Dorsett,ddorsett8@twitpic.com,junk2up.png,FALSE
Ermentrude,Wyldbore,ewyldbored@hud.gov,InSapien.gif,TRUE
Fawnia,Castellanos,fcastellanos0@independent.co.uk,Interdum.gif,TRUE
Felicdad,Colkett,fcolkett4@disqus.com,.gif,TRUE
Glenda,Prichet,gpricheth@freewebs.com,PulvinarLobortisEst.gif,TRUE
Israel,Scirman,iscirman1@wix.com,Elit.gif,TRUE
Jennifer,Weal,jweali@princeton.edu,junk5work.png,TRUE
Kalle,Grzes,kgrzesa@redcross.org,QuisquePorta.gif,FALSE
Maren,De Carolis,mdecarolis3@washington.edu,junk1keep.png,TRUE
Nissie,McKeand,nmckeand7@sbwire.com,PurusEu.gif,FALSE
Purcell,Abotson,pabotson9@pagesperso-orange.fr,Ridiculus.gif,TRUE
Sandi,Gavriel,sgavrielj@yahoo.co.jp,Proin.gif,TRUE
Seana,Stonard,sstonard5@mapquest.com,junk3the.png,FALSE
Spike,Wenban,swenbanb@chronoengine.com,DiamInMagna.gif,FALSE